hour, Ut
1,517.5659613
2,517.5659613
3,517.5659613
4,517.5659613
5,701.1622702
6,1298.292313
7,2000
8,1896.772558
9,1628.0424
10,1536.735565
11,1427.813859
12,1192.840226
13,1487.130844
14,1221.888089
15,1037.896057
16,1044.451427
17,1120.600729
18,1232.643757
19,1361.633225
20,1352.055834
21,1175.800413
22,998.8824895
23,581.1499391
24,517.5659613